CATEGORIA;ene-15;feb-15;mar-15;abr-15;may-15;jun-15;jul-15;ago-15;sept-15;oct-15;nov-15;dic-15;ene-16;feb-16;mar-16;abr-16;may-16;jun-16;jul-16;ago-16;sept-16;oct-16;nov-16;dic-16;ene-17;feb-17;mar-17;abr-17;may-17;jun-17;jul-17;ago-17;sept-17;oct-17;nov-17;dic-17;ene-18;feb-18;mar-18;abr-18;may-18;jun-18;jul-18;ago-18;sept-18;oct-18;nov-18;dic-18;ene-19;feb-19;mar-19;abr-19;may-19;jun-19;jul-19;ago-19;sept-19;oct-19;nov-19;dic-19;ene-20;feb-20;mar-20;abr-20;may-20;jun-20;jul-20;ago-20;sept-20;oct-20;nov-20;dic-20;ene-21;feb-21;mar-21;abr-21;may-21;jun-21;jul-21;ago-21;sept-21;oct-21;nov-21;dic-21;ene-22;feb-22;mar-22;abr-22;may-22;jun-22;jul-22;ago-22;sept-22;oct-22;nov-22;dic-22;ene-23;feb-23;mar-23;abr-23;may-23;jun-23;jul-23;ago-23;sept-23;oct-23;nov-23;dic-23;ene-24;feb-24;mar-24;abr-24;may-24;jun-24;jul-24;ago-24;sept-24;oct-24;nov-24;dic-24;ene-25;feb-25;mar-25;abr-25;may-25;jun-25;jul-25;ago-25;sept-25;oct-25;nov-25;dic-25;ene-26;feb-26;mar-26;abr-26;may-26;jun-26;jul-26;ago-26;sept-26;oct-26;nov-26;dic-26;
OPERARIOS;;;;;;;;;;;;;;;;;;;;;;;;;;;;;;;;;;;;;;;;;;;;;;;;;;;;;;;;;;;;;;;;;;;;;;;;;;;;;;;;;;;;;;;;;;;;;;;;;;;;;;;;;;;;;;;;;;;;;;;;;;;;;;;;;;;;;;;;;;;;;;;;;
12;8.606;9.036;9.036;9.534;9.534;15.114;10.076;10.732;10.732;11.450;11.450;17.175;11.450;12.024;12.024;12.624;12.624;20.109;13.406;14.534;14.534;14.534;15.698;23.547;15.698;16.326;16.326;16.978;16.978;17.766;17.766;18.654;18.654;19.700;19.700;29.550;19.700;21.080;21.080;21.080;21.080;33.096;22.656;23.640;23.640;24.626;25.216;39.006;27.580;29.510;29.510;31.280;31.280;48.843;32.562;34.518;34.518;36.486;38.602;57.903;41.304;41.304;45.434;45.434;47.706;71.559;50.092;50.092;52.596;52.596;55.752;83.628;59.656;62.638;62.638;62.638;65.770;98.655;72.346;72.346;77.628;77.628;83.294;124.941;89.334;93.800;93.800;93.800;98.490;158.817;116.466;116.466;128.112;140.922;155.014;245.310;179.894;179.894;201.480;201.480;229.690;344.535;264.144;298.482;328.330;371.014;404.404;673.332;561.112;673.336;754.136;833.400;900.072;1.404.111;936.074;1.029.682;1.029.682;1.112.056;1.112.056;1.701.450;1.213.700;1.213.700;1.242.829;1.287.570;1.287.570;1.969.983;1.359.288;1.359.288;1.359.288;1.454.438;1.454.438;2.181.657;1.454.438;1.454.438;1.454.438;1.454.438;1.454.438;2.181.657;1.454.438;1.454.438;1.454.438;1.454.438;1.454.438;2.181.657;
13;8.948;9.394;9.394;9.912;9.912;15.714;10.476;11.158;11.158;11.906;11.906;17.859;11.906;12.500;12.500;13.126;13.126;20.910;13.940;15.112;15.112;15.112;16.320;24.480;16.320;16.974;16.974;17.652;17.652;18.472;18.472;19.394;19.394;20.482;20.482;30.723;20.482;21.916;21.916;21.916;21.916;34.410;23.556;24.580;24.580;25.604;26.218;40.557;28.676;30.684;30.684;32.526;32.526;50.790;33.860;35.888;35.888;37.934;40.134;60.201;42.944;42.944;47.238;47.238;49.600;74.400;52.080;52.080;54.684;54.684;57.966;86.949;62.024;65.124;65.124;65.124;68.382;102.573;75.218;75.218;80.710;80.710;86.602;129.903;92.880;97.524;97.524;97.524;102.400;165.120;121.088;121.088;133.198;146.518;161.168;255.051;187.036;187.036;209.480;209.480;238.808;358.212;274.630;310.332;341.366;385.742;420.460;700.065;583.388;700.066;784.074;866.400;935.800;1.459.800;973.200;1.070.520;1.070.520;1.156.162;1.156.162;1.768.920;1.261.840;1.261.840;1.292.124;1.338.641;1.338.641;2.048.118;1.413.202;1.413.202;1.413.202;1.512.126;1.512.126;2.268.189;1.512.126;1.512.126;1.512.126;1.512.126;1.512.126;2.268.189;1.512.126;1.512.126;1.512.126;1.512.126;1.512.126;2.268.189;
14;9.306;9.772;9.772;10.310;10.310;16.347;10.898;11.606;11.606;12.324;12.324;18.486;12.324;13.002;13.002;13.652;13.652;21.747;14.498;15.718;15.718;15.718;16.976;25.464;16.976;17.654;17.654;18.360;18.360;19.212;19.212;20.174;20.174;21.306;21.306;31.959;21.306;22.796;22.796;22.796;22.796;35.793;24.500;25.566;25.566;26.632;27.270;42.183;29.828;31.916;31.916;33.830;33.830;52.827;35.218;37.330;37.330;39.458;41.746;62.619;44.668;44.668;49.136;49.136;51.592;77.388;54.172;54.172;56.880;56.880;60.294;90.441;64.514;67.740;67.740;67.740;71.126;106.689;78.240;78.240;83.950;83.950;90.080;135.120;96.610;101.440;101.440;101.440;106.512;171.753;125.952;125.952;138.546;152.402;167.642;265.293;194.548;194.548;217.894;217.894;248.400;372.600;285.660;322.796;355.076;401.236;437.346;728.181;606.818;728.182;815.564;901.200;973.296;1.518.342;1.012.228;1.113.450;1.113.450;1.202.526;1.202.526;1.839.870;1.312.440;1.312.440;1.343.939;1.392.320;1.392.320;2.130.249;1.469.872;1.469.872;1.469.872;1.572.764;1.572.764;2.359.146;1.572.764;1.572.764;1.572.764;1.572.764;1.572.764;2.359.146;1.572.764;1.572.764;1.572.764;1.572.764;1.572.764;2.359.146;
15;9.690;10.174;10.174;10.734;10.734;17.037;11.358;12.084;12.084;12.892;12.892;19.338;12.892;13.538;13.538;14.214;14.214;22.644;15.096;16.364;16.364;16.364;17.674;26.511;17.674;18.382;18.382;19.116;19.116;20.004;20.004;21.004;21.004;22.182;22.182;33.273;22.182;23.734;23.734;23.734;23.734;37.266;25.508;26.618;26.618;27.728;28.392;43.920;31.054;33.228;33.228;35.222;35.222;54.999;36.666;38.866;38.866;41.082;43.464;65.196;46.508;46.508;51.158;51.158;53.714;80.571;56.400;56.400;59.220;59.220;62.774;94.161;67.168;70.526;70.526;70.526;74.052;111.078;81.458;81.458;87.404;87.404;93.786;140.679;100.584;105.614;105.614;105.614;110.894;178.818;131.132;131.132;144.246;158.670;174.538;276.207;202.552;202.552;226.858;226.858;258.618;387.927;297.410;336.080;369.688;417.748;455.344;758.280;631.778;758.134;849.110;938.400;1.013.472;1.581.015;1.054.010;1.159.400;1.159.400;1.252.152;1.252.152;1.915.800;1.366.600;1.366.600;1.399.398;1.449.777;1.449.777;2.218.161;1.530.540;1.530.540;1.530.540;1.637.678;1.637.678;2.456.517;1.637.678;1.637.678;1.637.678;1.637.678;1.637.678;2.456.517;1.637.678;1.637.678;1.637.678;1.637.678;1.637.678;2.456.517;
MANTENIMIENTO;;;;;;;;;;;;;;;;;;;;;;;;;;;;;;;;;;;;;;;;;;;;;;;;;;;;;;;;;;;;;;;;;;;;;;;;;;;;;;;;;;;;;;;;;;;;;;;;;;;;;;;;;;;;;;;;;;;;;;;;;;;;;;;;;;;;;;;;;;;;;;;;;
21;9.306;9.772;9.772;10.310;10.310;16.347;10.898;11.606;11.606;12.384;12.384;18.576;12.384;13.002;13.002;13.652;13.652;21.747;14.498;15.718;15.718;15.718;16.976;25.464;16.976;17.654;17.654;18.360;18.360;19.212;19.212;20.174;20.174;21.306;21.306;31.959;21.306;22.796;22.796;22.796;22.796;35.793;24.500;25.566;25.566;26.632;27.270;42.183;29.828;31.916;31.916;33.830;33.830;52.827;35.218;37.330;37.330;39.458;41.746;62.619;44.668;44.668;49.136;49.136;51.592;77.388;54.172;54.172;56.880;56.880;60.294;90.441;64.514;67.740;67.740;67.740;71.126;106.689;78.240;78.240;83.950;83.950;90.080;135.120;96.610;101.440;101.440;101.440;106.512;171.753;125.952;125.952;138.546;152.402;167.642;265.293;194.548;194.548;217.894;217.894;248.400;372.600;285.660;322.796;355.076;401.236;437.346;728.181;606.818;728.182;815.564;901.200;973.296;1.518.342;1.012.228;1.113.450;1.113.450;1.202.526;1.202.526;1.839.870;1.312.440;1.312.440;1.343.939;1.392.320;1.392.320;2.130.249;1.469.872;1.469.872;1.469.872;1.572.764;1.572.764;2.359.146;1.572.764;1.572.764;1.572.764;1.572.764;1.572.764;2.359.146;1.572.764;1.572.764;1.572.764;1.572.764;1.572.764;2.359.146;
22;9.690;10.174;10.174;10.734;10.734;17.019;11.346;12.084;12.084;12.894;12.894;19.341;12.894;13.538;13.538;14.214;14.214;22.644;15.096;16.364;16.364;16.364;17.674;26.511;17.674;18.382;18.382;19.116;19.116;20.004;20.004;21.004;21.004;22.182;22.182;33.273;22.182;23.734;23.734;23.734;23.734;37.266;25.508;26.618;26.618;27.728;28.392;43.920;31.054;33.228;33.228;35.222;35.222;54.999;36.666;38.866;38.866;41.082;43.464;65.196;46.508;46.508;51.158;51.158;53.714;80.571;56.400;56.400;59.220;59.220;62.774;94.161;67.168;70.526;70.526;70.526;74.052;111.078;81.458;81.458;87.404;87.404;93.786;140.679;100.584;105.614;105.614;105.614;110.894;178.818;131.132;131.132;144.246;158.670;174.538;276.207;202.552;202.552;226.858;226.858;258.618;387.927;297.410;336.080;369.682;417.740;455.344;758.136;631.778;758.134;849.110;938.400;1.013.472;1.581.015;1.054.010;1.159.400;1.159.400;1.252.152;1.252.152;1.915.800;1.366.600;1.366.600;1.399.398;1.449.777;1.449.777;2.218.164;1.530.540;1.530.540;1.530.540;1.637.678;1.637.678;2.456.517;1.637.678;1.637.678;1.637.678;1.637.678;1.637.678;2.456.517;1.637.678;1.637.678;1.637.678;1.637.678;1.637.678;2.456.517;
23;10.220;10.730;10.730;11.320;11.320;17.949;11.966;12.744;12.744;13.598;13.598;20.397;13.598;14.278;14.278;14.992;14.992;23.883;15.922;17.260;17.260;17.260;18.642;27.963;18.642;19.386;19.386;20.162;20.162;21.098;21.098;22.152;22.152;23.396;23.396;35.094;23.396;25.034;25.034;25.034;25.034;39.303;26.904;28.074;28.074;29.244;29.946;46.323;32.754;35.046;35.046;37.148;37.148;58.008;38.672;40.992;40.992;43.328;45.842;68.763;49.050;49.050;53.956;53.956;56.654;84.981;59.486;59.486;62.460;62.460;66.208;99.312;70.844;74.386;74.386;74.386;78.106;117.159;85.914;85.914;92.186;92.186;98.916;148.374;106.088;111.392;111.392;111.392;116.962;188.601;138.308;138.308;152.138;167.352;184.086;291.318;213.632;213.632;239.268;239.268;272.766;409.149;313.680;354.458;389.904;440.592;480.244;799.608;666.340;799.608;895.562;989.600;1.068.800;1.667.400;1.111.600;1.222.760;1.222.760;1.320.580;1.320.580;2.020.500;1.441.280;1.441.280;1.475.871;1.529.002;1.529.002;2.339.370;1.614.166;1.614.166;1.614.166;1.727.158;1.727.158;2.590.737;1.727.158;1.727.158;1.727.158;1.727.158;1.727.158;2.590.737;1.727.158;1.727.158;1.727.158;1.727.158;1.727.158;2.590.737;
24;10.602;11.132;11.132;11.746;11.746;18.621;12.414;13.222;13.222;14.108;14.108;21.162;14.108;14.812;14.812;15.554;15.554;24.777;16.518;17.906;17.906;17.906;19.340;29.010;19.340;20.112;20.112;20.918;20.918;21.888;21.888;22.982;22.982;24.320;24.320;36.480;24.320;25.972;25.972;25.972;25.972;40.776;27.912;29.126;29.126;30.358;31.068;48.057;33.980;36.358;36.358;38.540;38.540;60.180;40.120;42.528;42.528;44.952;47.560;71.340;50.908;50.908;55.978;55.978;58.776;88.164;61.716;61.716;64.800;64.800;68.688;103.032;73.498;77.172;77.172;77.172;81.030;121.545;89.134;89.134;95.640;95.640;102.622;153.933;110.062;115.566;115.566;115.566;121.344;195.666;143.488;143.488;157.838;173.622;190.984;302.232;221.636;221.636;248.232;248.232;282.984;424.476;325.432;367.738;404.512;457.100;498.238;829.566;691.306;829.568;929.116;1.026.674;1.108.808;1.729.800;1.153.200;1.268.520;1.268.520;1.370.000;1.370.000;2.096.100;1.495.220;1.495.220;1.531.105;1.586.225;1.586.225;2.426.916;1.674.572;1.674.572;1.674.572;1.791.792;1.791.792;2.687.688;1.791.792;1.791.792;1.791.792;1.791.792;1.791.792;2.687.688;1.791.792;1.791.792;1.791.792;1.791.792;1.791.792;2.687.688;
TECNICOS MECANICOS;;;;;;;;;;;;;;;;;;;;;;;;;;;;;;;;;;;;;;;;;;;;;;;;;;;;;;;;;;;;;;;;;;;;;;;;;;;;;;;;;;;;;;;;;;;;;;;;;;;;;;;;;;;;;;;;;;;;;;;;;;;;;;;;;;;;;;;;;;;;;;;;;
25;9.678;10.162;10.162;10.721;10.721;16.998;11.332;12.068;12.068;12.877;12.877;19.316;12.877;13.521;13.521;14.197;14.197;22.616;15.077;16.345;16.345;16.345;17.653;26.480;17.653;18.359;18.359;19.093;19.093;19.979;19.979;20.978;20.978;22.155;22.155;33.233;22.155;23.706;23.706;23.706;23.706;37.227;25.479;26.586;26.586;27.694;28.359;43.868;31.017;33.188;33.188;35.179;35.179;54.932;36.621;38.820;38.820;41.032;43.412;65.118;46.451;46.451;51.096;51.096;53.651;80.477;56.334;56.334;59.150;59.150;62.699;94.049;67.088;70.442;70.442;70.442;73.965;110.948;81.361;81.361;87.301;87.301;93.674;140.511;100.465;105.488;105.488;105.488;110.763;178.605;130.977;130.977;144.074;158.482;174.330;275.877;202.310;202.310;226.587;226.587;258.309;387.464;297.055;335.672;369.239;417.240;454.792;757.229;631.024;757.229;848.096;937.146;1.012.118;1.578.903;1.052.602;1.157.863;1.157.863;1.250.492;1.250.492;1.913.253;1.364.787;1.364.787;1.397.542;1.447.853;1.447.853;2.215.215;1.528.499;1.528.499;1.528.499;1.635.494;1.635.494;2.453.241;1.635.494;1.635.494;1.635.494;1.635.494;1.635.494;2.453.241;1.635.494;1.635.494;1.635.494;1.635.494;1.635.494;2.453.241;
26;10.020;10.521;10.521;11.099;11.099;18.198;12.132;12.494;12.494;13.331;13.331;19.997;13.331;13.998;13.998;14.698;14.698;23.414;15.609;16.922;16.922;16.922;18.276;27.414;18.276;19.007;19.007;19.767;19.767;20.685;20.685;21.719;21.719;22.937;22.937;34.406;22.937;24.543;24.543;24.543;24.543;38.535;26.378;27.525;27.525;28.671;29.360;45.416;32.112;34.360;34.360;36.422;36.422;56.873;37.915;40.190;40.190;42.480;44.944;67.416;48.090;48.090;52.899;52.899;57.438;861.584;58.322;58.322;61.238;61.238;64.912;97.368;69.456;72.929;72.929;72.929;76.575;114.863;84.233;84.233;90.382;90.382;96.979;145.469;104.010;109.211;109.211;109.211;114.671;184.908;135.599;135.599;149.159;164.075;180.482;285.614;209.450;209.450;234.584;234.584;267.426;401.139;307.540;347.520;382.272;431.968;470.845;783.957;653.297;783.956;878.031;970.224;1.047.842;1.634.634;1.089.756;1.198.732;1.198.732;1.294.630;1.294.630;1.980.785;1.415.959;1.415.959;1.449.942;1.502.140;1.502.140;2.293.406;1.582.450;1.582.450;1.582.450;1.693.222;1.693.222;2.539.833;1.693.222;1.693.222;1.693.222;1.693.222;1.693.222;2.539.833;1.693.222;1.693.222;1.693.222;1.693.222;1.693.222;2.539.833;
27;10.361;10.879;10.879;11.478;11.478;19.196;12.797;12.920;12.920;13.786;13.786;20.679;13.786;14.475;14.475;15.199;15.199;24.212;16.141;17.499;17.499;17.499;18.899;28.349;18.899;19.655;19.655;20.441;20.441;21.390;21.390;22.459;22.459;23.719;23.719;35.579;23.719;25.379;25.379;25.379;25.379;39.848;27.277;28.463;28.463;29.649;30.360;46.964;33.207;35.531;35.531;37.663;37.663;58.811;39.207;41.560;41.560;43.929;46.476;69.714;49.730;49.730;54.703;54.703;60.590;90.885;60.310;60.310;63.325;63.325;67.125;100.688;71.823;75.415;75.415;75.415;79.185;118.778;87.104;87.104;93.463;93.463;100.285;150.428;107.556;112.934;112.934;112.934;118.580;191.211;140.221;140.221;154.244;169.668;186.635;295.350;216.590;216.590;242.580;242.580;276.541;414.812;318.022;359.365;395.302;446.691;486.893;810.677;675.564;810.677;907.958;1.003.293;1.083.557;1.690.349;1.126.899;1.239.589;1.239.589;1.338.756;1.338.756;2.048.297;1.461.119;1.461.119;1.496.186;1.550.049;1.550.049;2.371.574;1.636.386;1.636.386;1.636.386;1.750.933;1.750.933;2.626.400;1.750.933;1.750.933;1.750.933;1.750.933;1.750.933;2.626.400;1.750.933;1.750.933;1.750.933;1.750.933;1.750.933;2.626.400;
LABORATORIO;;;;;;;;;;;;;;;;;;;;;;;;;;;;;;;;;;;;;;;;;;;;;;;;;;;;;;;;;;;;;;;;;;;;;;;;;;;;;;;;;;;;;;;;;;;;;;;;;;;;;;;;;;;;;;;;;;;;;;;;;;;;;;;;;;;;;;;;;;;;;;;;;
31;8.624;9.055;9.055;9.553;9.553;15.146;10.097;10.754;10.754;11.474;11.474;17.211;11.474;12.048;12.048;12.650;12.650;20.151;13.434;;;;;;;;;;;;;;;;;;;;;;;;;;;;;;;;;;;;;;;;;;;;;;;;;;;;;;;;;;;;;;;;;;;;;;;;;;;;;;;;;;;;;;;;;;;;;;;;;;;;;;;;;;;;;;;;;;;;;;;;;;;;;;
32;8.953;9.401;9.401;9.918;9.918;15.725;10.483;11.165;11.165;11.913;11.913;17.870;11.913;12.509;12.509;13.134;13.134;20.922;13.948;15.121;15.121;15.121;16.331;24.497;16.331;16.984;16.984;17.664;17.664;18.483;18.483;19.407;19.407;20.496;20.496;30.744;20.496;21.931;21.931;21.931;21.931;34.434;23.571;24.595;24.595;25.620;26.235;40.583;28.695;30.704;30.704;32.546;32.546;50.820;33.880;35.913;35.913;37.960;40.161;60.242;42.972;42.972;47.270;47.270;49.633;74.450;52.115;52.115;54.721;54.721;58.004;87.006;62.064;65.167;65.167;65.167;68.426;102.639;75.268;75.268;80.763;80.763;86.659;129.989;92.941;97.588;97.588;97.588;102.468;165.230;121.168;121.168;133.285;146.613;161.275;255.218;187.159;187.159;209.618;209.618;238.965;358.448;274.810;310.535;341.589;385.995;420.735;700.523;583.770;700.524;784.587;866.968;936.326;1.460.669;973.779;1.071.157;1.071.157;1.156.850;1.156.850;1.769.981;1.262.586;1.262.586;1.292.888;1.339.432;1.339.432;2.049.330;1.414.038;1.414.038;1.414.038;1.513.021;1.513.021;2.269.532;1.513.021;1.513.021;1.513.021;1.513.021;1.513.021;2.269.532;1.513.021;1.513.021;1.513.021;1.513.021;1.513.021;2.269.532;
33;9.304;9.769;9.769;10.306;10.306;16.341;10.894;11.602;11.602;12.379;12.379;18.569;12.379;12.998;12.998;13.648;13.648;21.741;14.494;15.713;15.713;15.713;16.970;25.455;16.970;17.469;17.469;18.355;18.355;19.206;19.206;20.167;20.167;21.298;21.298;31.947;21.298;22.789;22.789;22.789;22.789;35.781;24.493;25.558;25.558;26.623;27.262;42.170;29.817;31.904;31.904;33.818;33.818;52.808;35.205;37.318;37.318;39.445;41.733;62.600;44.654;44.654;49.119;49.119;51.575;77.363;54.154;54.154;58.862;58.862;60.273;90.410;64.493;67.717;67.717;67.717;71.103;106.655;78.213;78.213;83.923;83.923;90.049;135.074;96.578;101.407;101.407;101.407;106.477;171.695;125.909;125.909;138.500;152.350;167.585;265.203;194.482;194.482;217.820;217.820;248.315;372.473;285.562;322.685;354.954;401.097;437.196;727.932;606.609;727.931;815.283;900.888;972.959;1.517.816;1.011.877;1.113.065;1.113.065;1.202.110;1.202.110;1.839.228;1.311.983;1.311.983;1.343.471;1.391.836;1.391.836;2.129.508;1.469.361;1.469.361;1.469.361;1.572.216;1.572.216;2.358.324;1.572.216;1.572.216;1.572.216;1.572.216;1.572.216;2.358.324;1.572.216;1.572.216;1.572.216;1.572.216;1.572.216;2.358.324;
34;9.678;10.162;10.162;10.721;10.721;16.998;11.332;12.068;12.068;12.877;12.877;19.316;12.877;13.521;13.521;14.197;14.197;22.616;15.077;16.345;16.345;16.345;17.653;26.480;17.653;18.359;18.359;19.093;19.093;19.979;19.979;20.978;20.978;22.155;22.155;33.233;22.155;23.706;23.706;23.706;23.706;37.221;25.479;26.586;26.586;27.694;28.359;43.868;31.017;33.188;33.188;35.179;35.179;54.932;36.621;38.820;38.820;41.032;43.412;65.118;46.451;46.451;51.096;51.096;53.651;80.477;56.334;56.334;59.150;59.150;62.699;94.049;67.088;70.443;70.443;70.443;73.965;110.948;81.361;81.361;87.301;87.301;93.674;140.511;100.465;105.488;105.488;105.488;110.763;178.605;130.977;130.977;144.074;158.482;174.330;275.877;202.310;202.310;226.587;226.587;258.309;387.464;297.055;335.672;369.239;417.240;454.792;757.229;631.024;757.229;848.096;937.146;1.012.118;1.578.903;1.052.602;1.157.863;1.157.863;1.250.492;1.250.492;1.913.253;1.364.787;1.364.787;1.397.542;1.447.854;1.447.854;2.215.215;1.528.498;1.528.498;1.528.498;1.635.493;1.635.493;2.453.240;1.635.493;1.635.493;1.635.493;1.635.493;1.635.493;2.453.240;1.635.493;1.635.493;1.635.493;1.635.493;1.635.493;2.453.240;
TECNICOS QUIMICOS;;;;;;;;;;;;;;;;;;;;;;;;;;;;;;;;;;;;;;;;;;;;;;;;;;;;;;;;;;;;;;;;;;;;;;;;;;;;;;;;;;;;;;;;;;;;;;;;;;;;;;;;;;;;;;;;;;;;;;;;;;;;;;;;;;;;;;;;;;;;;;;;;
35;9.678;10.162;10.162;10.721;10.721;16.998;11.332;12.068;12.068;12.877;12.877;19.316;12.877;13.521;13.521;14.197;14.197;22.616;15.077;16.345;16.345;16.345;17.653;26.480;17.653;18.359;18.359;19.093;19.093;19.979;19.979;20.978;20.978;22.155;22.155;33.233;22.155;23.706;23.706;23.706;23.706;37.221;25.479;26.586;26.586;27.694;28.359;43.868;31.017;33.188;33.188;35.179;35.179;54.932;36.621;38.820;38.820;41.032;43.412;65.118;46.451;46.451;51.096;51.096;53.651;80.477;56.334;56.334;59.150;59.150;62.699;94.049;67.088;70.443;70.443;70.443;73.965;110.948;81.361;81.361;87.301;87.301;93.674;140.511;100.465;105.488;105.488;105.488;110.763;178.605;130.977;130.977;144.074;158.482;174.330;275.877;202.310;202.310;226.587;226.587;258.309;387.464;297.055;335.672;369.239;417.240;454.792;757.229;631.024;757.229;848.096;937.146;1.012.118;1.578.903;1.052.602;1.157.863;1.157.863;1.250.492;1.250.492;1.913.253;1.364.787;1.364.787;1.397.542;1.447.854;1.447.854;2.215.215;1.528.498;1.528.498;1.528.498;1.635.493;1.635.493;2.453.240;1.635.493;1.635.493;1.635.493;1.635.493;1.635.493;2.453.240;1.635.493;1.635.493;1.635.493;1.635.493;1.635.493;2.453.240;
36;10.361;10.879;10.879;11.477;11.477;18.198;12.132;12.920;12.920;13.786;13.786;20.679;13.786;14.475;14.475;15.199;15.199;24.212;16.141;17.499;17.499;17.499;18.899;28.349;18.899;19.655;19.655;20.441;20.441;21.390;21.390;22.459;22.459;23.719;23.719;35.579;23.719;25.379;25.379;25.379;25.379;39.848;27.277;28.463;28.463;29.649;30.360;46.964;33.207;35.531;35.531;37.663;37.663;58.811;39.207;41.560;41.560;43.929;46.476;69.714;49.730;49.730;54.703;54.703;57.438;129.236;60.310;60.310;63.325;63.325;67.215;100.823;71.823;75.415;75.415;75.415;79.185;118.778;87.104;87.104;93.463;93.463;100.285;150.428;107.556;112.934;112.934;112.934;118.580;191.211;140.221;140.221;154.244;169.668;186.635;295.350;216.590;216.590;242.580;242.580;276.541;414.812;318.022;359.365;395.302;446.691;486.893;810.677;675.564;810.677;907.958;1.003.293;1.083.557;1.690.349;1.126.899;1.239.589;1.239.589;1.338.756;1.338.756;2.048.297;1.461.119;1.461.119;1.496.186;1.550.049;1.550.049;2.371.574;1.636.386;1.636.386;1.636.386;1.750.933;1.750.933;2.626.400;1.750.933;1.750.933;1.750.933;1.750.933;1.750.933;2.626.400;1.750.933;1.750.933;1.750.933;1.750.933;1.750.933;2.626.400;
ADMINISTRATIVOS;;;;;;;;;;;;;;;;;;;;;;;;;;;;;;;;;;;;;;;;;;;;;;;;;;;;;;;;;;;;;;;;;;;;;;;;;;;;;;;;;;;;;;;;;;;;;;;;;;;;;;;;;;;;;;;;;;;;;;;;;;;;;;;;;;;;;;;;;;;;;;;;;
41;8.624;9.055;9.055;9.553;9.553;15.146;10.097;10.754;10.754;11.474;11.474;17.211;11.474;12.048;12.048;12.650;12.650;20.151;13.434;;;;;;;;;;;;;;;;;;;;;;;;;;;;;;;;;;;;;;;;;;;;;;;;;;;;;;;;;;;;;;;;;;;;;;;;;;;;;;;;;;;;;;;;;;;;;;;;;;;;;;;;;;;;;;;;;;;;;;;;;;;;;;
42;8.953;9.401;9.401;9.919;9.919;15.725;10.483;11.165;11.165;11.913;11.913;17.870;11.913;12.509;12.509;13.134;13.134;20.922;13.948;15.121;15.121;15.121;16.331;24.497;16.331;16.984;16.984;17.664;17.664;18.483;18.483;19.407;19.407;20.496;20.496;30.744;20.496;21.931;21.931;21.931;21.931;34.434;23.571;24.595;24.595;25.620;26.235;40.583;28.695;30.704;30.704;32.546;32.546;50.820;33.880;35.913;35.913;37.960;40.162;60.243;42.972;42.972;47.270;47.270;49.633;74.450;52.115;52.115;52.721;52.721;58.004;87.006;62.064;65.167;65.167;65.167;68.426;102.639;75.268;75.268;80.763;80.763;86.659;129.989;92.941;97.588;97.588;97.588;102.468;165.230;121.168;121.168;133.285;146.613;161.275;255.218;187.159;187.159;209.618;209.618;238.965;358.448;274.810;310.535;341.589;385.995;420.735;700.523;583.770;700.524;784.587;866.968;936.326;1.460.669;973.779;1.071.157;1.071.157;1.156.850;1.156.850;1.769.981;1.262.586;1.262.586;1.292.888;1.339.432;1.339.432;2.049.330;1.414.038;1.414.038;1.414.038;1.513.021;1.513.021;2.269.532;1.513.021;1.513.021;1.513.021;1.513.021;1.513.021;2.269.532;1.513.021;1.513.021;1.513.021;1.513.021;1.513.021;2.269.532;
43;9.304;9.769;9.769;10.306;10.306;16.341;10.894;11.602;11.602;12.379;12.379;18.569;12.379;12.998;12.998;13.648;13.648;21.741;14.494;15.713;15.713;15.713;16.970;25.455;16.970;17.649;17.649;18.355;18.355;19.206;19.206;20.167;20.167;21.298;21.298;31.947;21.298;22.789;22.789;22.789;22.789;35.781;24.493;25.558;25.558;26.623;27.262;42.170;29.817;31.904;31.904;33.818;33.818;52.808;35.205;37.318;37.318;39.445;41.733;62.600;44.654;44.654;49.119;49.119;51.575;77.363;54.154;54.154;56.862;56.862;60.273;90.410;64.493;67.717;67.717;67.717;71.103;106.655;78.213;78.213;83.923;83.923;90.049;135.074;96.578;101.407;101.407;101.407;106.477;171.694;125.909;125.909;138.500;152.350;167.585;265.203;194.482;194.482;217.820;217.820;248.315;372.473;285.562;322.685;354.954;401.097;437.196;727.932;606.609;727.931;815.283;900.888;972.959;1.517.816;1.011.877;1.113.065;1.113.065;1.202.110;1.202.110;1.839.228;1.311.983;1.311.983;1.343.471;1.391.836;1.391.836;2.129.508;1.469.361;1.469.361;1.469.361;1.572.216;1.572.216;2.358.324;1.572.216;1.572.216;1.572.216;1.572.216;1.572.216;2.358.324;1.572.216;1.572.216;1.572.216;1.572.216;1.572.216;2.358.324;
44;9.678;10.162;10.162;10.721;10.721;16.998;11.332;12.068;12.068;12.877;12.877;19.316;12.877;13.521;13.521;14.197;14.197;22.616;15.077;16.345;16.345;16.345;17.653;26.480;17.653;18.359;18.359;19.093;19.093;19.979;19.979;20.978;20.978;22.155;22.155;33.233;22.155;23.706;23.706;23.706;23.706;37.221;25.479;26.586;26.586;27.694;28.359;43.868;31.017;33.188;33.188;35.179;35.179;54.932;36.621;38.820;38.820;41.032;43.412;65.118;46.451;46.451;51.096;51.096;53.651;80.477;56.334;56.334;59.150;59.150;62.699;94.049;67.088;70.443;70.443;70.443;73.965;110.948;81.361;81.361;87.301;87.301;93.674;140.511;100.465;105.488;105.488;105.488;110.763;178.605;130.977;130.977;144.074;158.482;174.330;275.877;202.310;202.310;226.587;226.587;258.309;387.464;297.055;335.672;369.239;417.240;454.792;757.229;631.024;757.229;848.096;937.146;1.012.118;1.578.903;1.052.602;1.157.863;1.157.863;1.250.492;1.250.492;1.913.253;1.364.787;1.364.787;1.397.542;1.447.853;1.447.853;2.215.215;1.528.498;1.528.498;1.528.498;1.635.493;1.635.493;2.453.240;1.635.493;1.635.493;1.635.493;1.635.493;1.635.493;2.453.240;1.635.493;1.635.493;1.635.493;1.635.493;1.635.493;2.453.240;
45;10.361;10.879;10.879;11.477;11.477;18.198;12.132;12.920;12.920;13.786;13.786;20.679;13.786;14.475;14.475;15.199;15.199;24.212;16.141;17.499;17.499;17.499;18.899;28.349;18.899;19.655;19.655;20.441;20.441;21.390;21.390;22.459;22.459;23.719;23.719;35.579;23.719;25.379;25.379;25.379;25.379;39.848;27.277;28.463;28.463;29.649;30.360;46.964;33.207;35.531;35.531;37.663;37.663;58.811;39.207;41.560;41.560;43.929;46.476;69.714;49.730;49.730;54.703;54.703;57.438;86.157;60.310;60.310;63.325;63.325;67.125;100.688;71.823;75.415;75.415;75.415;79.185;118.778;87.104;87.104;93.463;93.463;100.285;150.428;107.556;112.934;112.934;112.934;118.580;191.211;140.221;140.221;154.244;169.668;186.635;295.350;216.590;216.590;242.580;242.580;276.541;414.812;318.022;359.365;395.302;446.691;486.893;810.677;675.564;810.677;907.958;1.003.293;1.083.557;1.690.349;1.126.899;1.239.589;1.239.589;1.338.756;1.338.756;2.048.297;1.464.119;1.464.119;1.499.258;1.553.231;1.553.231;2.371.574;1.636.386;1.636.386;1.636.386;1.750.933;1.750.933;2.626.400;1.750.933;1.750.933;1.750.933;1.750.933;1.750.933;2.626.400;1.750.933;1.750.933;1.750.933;1.750.933;1.750.933;2.626.400;
AYUDANTE DE CHOFER;8.329;8.745;8.745;9.226;9.226;14.628;9.752;10.386;10.386;11.082;11.082;16.623;11.082;11.636;11.636;12.218;12.218;19.464;12.976;14.067;14.067;14.067;15.192;22.788;15.192;15.800;15.800;16.432;16.432;17.194;17.194;18.054;18.054;19.067;19.067;28.601;19.067;20.401;20.401;20.401;20.401;32.033;21.927;22.880;22.880;23.834;24.406;37.752;26.694;28.563;28.563;30.277;30.277;47.277;31.518;33.408;33.408;35.312;37.361;56.042;39.976;39.976;43.973;43.973;46.172;69.258;48.481;48.481;50.905;50.905;53.959;80.939;57.736;60.623;60.623;60.623;63.654;95.481;70.019;70.019;75.131;75.131;80.615;120.923;86.460;90.783;90.783;90.783;95.322;153.707;112.718;112.718;123.990;136.389;150.028;237.420;174.108;174.108;195.001;195.001;222.301;333.452;255.646;288.880;317.768;359.078;391.395;651.674;543.061;651.674;729.875;806.511;871.032;1.358.810;905.873;996.461;996.461;1.076.178;1.076.178;1.646.552;1.174.541;1.174.541;1.202.730;1.246.028;1.246.028;1.906.422;1.315.432;1.315.432;1.315.432;1.407.512;1.407.512;2.111.268;1.407.512;1.407.512;1.407.512;1.407.512;1.407.512;2.111.268;1.407.512;1.407.512;1.407.512;1.407.512;1.407.512;2.111.268;
ACOMPAÑANTE CON REGISTRO;8.624;9.055;9.055;9.553;9.553;15.146;10.097;10.754;10.754;11.474;11.474;17.211;11.474;12.048;12.048;12.650;12.650;20.151;13.434;14.564;14.564;14.564;15.729;23.594;15.729;16.359;16.359;17.013;17.013;17.802;17.802;18.692;18.692;19.741;19.741;29.612;19.741;21.123;21.123;21.123;21.123;33.165;22.702;23.689;23.689;24.676;25.269;39.087;27.637;29.571;29.571;31.345;31.345;48.945;32.630;34.589;34.589;36.561;38.682;58.023;41.389;41.389;45.528;45.528;47.805;71.708;50.195;50.195;52.705;52.705;55.867;83.801;59.778;62.767;62.767;62.767;65.905;98.858;72.495;72.495;77.787;77.787;83.466;125.199;89.517;93.993;93.993;93.993;98.693;159.143;116.704;116.704;128.375;141.212;155.333;245.816;180.264;180.264;201.896;201.896;230.161;345.242;264.685;299.094;329.003;371.774;405.233;674.714;562.262;674.715;755.681;835.027;901.829;1.406.855;937.903;1.031.693;1.031.693;1.114.228;1.114.228;1.704.770;1.216.069;1.216.069;1.245.255;1.290.084;1.290.084;1.973.828;1.361.941;1.361.941;1.361.941;1.457.277;1.457.277;2.185.916;1.457.277;1.457.277;1.457.277;1.457.277;1.457.277;2.185.916;1.457.277;1.457.277;1.457.277;1.457.277;1.457.277;2.185.916;
CHOFER DE PLANTA;9.304;9.769;9.769;10.306;10.306;16.341;10.894;11.602;11.602;12.379;12.379;18.569;12.379;12.998;12.998;13.648;13.648;21.741;14.494;15.713;15.713;15.713;16.970;25.455;16.970;17.649;17.649;18.355;18.355;19.207;19.207;20.167;20.167;21.298;21.298;31.947;21.298;22.789;22.789;22.789;22.789;35.781;24.493;25.558;25.558;26.623;27.262;42.171;29.818;31.905;31.905;33.819;33.819;52.809;35.206;37.318;37.318;39.446;41.733;62.600;44.655;44.655;49.120;49.120;51.576;77.364;54.155;54.155;56.863;56.863;60.274;90.411;64.494;67.718;67.718;67.718;71.105;106.658;78.215;78.215;83.924;83.924;90.051;135.077;96.580;101.409;101.409;101.409;106.479;171.698;125.911;125.911;138.503;152.353;167.588;265.208;194.486;194.486;217.824;217.824;248.319;372.479;285.567;322.691;354.960;401.105;437.204;727.946;606.620;727.944;815.297;900.903;972.976;1.517.843;1.011.895;1.113.084;1.113.084;1.202.131;1.202.131;1.839.261;1.312.006;1.312.006;1.626.887;1.391.860;1.391.860;2.129.546;1.469.386;1.469.386;1.469.386;1.572.243;1.572.243;2.358.365;1.572.243;1.572.243;1.572.243;1.572.243;1.572.243;2.358.365;1.572.243;1.572.243;1.572.243;1.572.243;1.572.243;2.358.365;
CHOFER DE GERENCIA;9.678;10.162;10.162;10.721;10.721;16.998;11.332;12.068;12.068;12.877;12.877;19.316;12.877;13.521;13.521;14.197;14.197;22.616;15.077;16.345;16.345;16.345;17.653;26.480;17.653;18.359;18.359;19.093;19.093;19.979;19.979;20.978;20.978;22.155;22.155;33.233;22.155;23.706;23.706;23.706;23.706;37.221;25.478;26.586;26.586;27.693;28.358;43.866;31.017;33.188;33.188;35.179;35.179;54.932;36.621;38.819;38.819;41.031;43.411;65.117;46.450;46.450;51.095;51.095;53.650;80.475;56.332;56.332;59.149;59.149;62.698;94.047;67.087;70.441;70.441;70.441;73.963;110.945;81.359;81.359;87.298;87.298;93.671;140.507;100.462;105.485;105.485;105.485;110.760;178.601;130.973;130.973;144.071;158.478;174.326;275.870;202.305;202.305;226.581;226.581;258.302;387.453;297.047;335.663;369.229;417.229;454.780;757.208;631.007;757.208;848.074;937.121;1.012.091;1.517.843;1.052.575;1.157.832;1.157.832;1.250.459;1.250.459;1.913.202;1.364.751;1.364.751;1.397.505;1.447.815;1.447.815;2.215.157;1.528.458;1.528.458;1.528.458;1.635.450;1.635.450;2.453.175;1.635.450;1.635.450;1.635.450;1.635.450;1.635.450;2.453.175;1.635.450;1.635.450;1.635.450;1.635.450;1.635.450;2.453.175;
SERENO;8.953;9.401;9.401;9.918;9.918;15.725;10.483;11.165;11.165;11.913;11.913;17.870;11.913;12.509;12.509;13.134;13.134;20.922;13.948;15.121;15.121;15.121;16.331;24.497;16.331;17.269;17.269;17.988;17.988;18.823;18.823;19.764;19.764;20.873;20.873;31.310;20.873;22.334;22.334;22.334;22.334;35.066;24.004;25.047;25.047;26.091;26.717;41.328;29.222;31.268;31.268;33.144;33.144;51.755;34.503;36.572;36.572;38.657;40.899;61.349;43.762;43.762;48.138;48.138;50.545;75.818;53.072;53.072;55.726;55.726;59.069;88.604;63.204;66.364;66.364;66.364;69.683;104.525;76.651;76.651;82.246;82.246;88.250;132.375;94.649;99.381;99.381;99.381;104.350;168.264;123.394;123.394;135.733;149.307;164.237;259.905;190.597;190.597;213.469;213.469;243.355;365.033;279.858;316.240;347.864;393.086;428.464;713.393;594.493;713.392;798.999;882.894;953.526;1.517.843;991.667;1.090.834;1.090.834;1.178.100;1.178.100;1.802.493;1.285.779;1.285.779;1.316.638;1.364.036;1.364.036;2.086.976;1.440.013;1.440.013;1.440.013;1.540.814;1.540.814;2.311.221;1.540.814;1.540.814;1.540.814;1.540.814;1.540.814;2.311.221;1.540.814;1.540.814;1.540.814;1.540.814;1.540.814;2.311.221;
PORTERO;9.304;9.769;9.769;10.306;10.306;16.341;10.894;11.602;11.602;12.379;12.379;18.569;12.379;12.998;12.998;13.648;13.648;21.741;14.494;15.713;15.713;15.713;16.970;25.455;16.970;17.649;17.649;18.355;18.355;19.206;19.206;20.167;20.167;21.298;21.298;31.947;21.298;22.789;22.789;22.789;22.789;35.781;24.493;25.558;25.558;26.623;27.262;42.170;29.817;31.904;31.904;33.819;33.819;52.809;35.206;37.318;37.318;39.445;41.733;62.600;44.654;44.654;49.119;49.119;51.575;77.363;54.154;54.154;56.862;56.862;60.273;90.410;64.493;67.717;67.717;67.717;71.103;106.655;78.213;78.213;83.923;83.923;90.049;135.074;96.578;101.407;101.407;101.407;106.477;171.695;125.909;125.909;138.500;152.350;167.585;265.203;194.482;194.482;217.820;217.820;248.315;372.473;285.562;322.685;354.954;401.097;437.196;727.932;606.609;727.931;815.283;900.888;972.959;1.517.843;1.011.877;1.113.065;1.113.065;1.202.110;1.202.110;1.839.228;1.311.983;1.311.983;1.343.471;1.391.836;1.391.836;2.129.508;1.469.361;1.469.361;1.469.361;1.572.216;1.572.216;2.358.324;1.572.216;1.572.216;1.572.216;1.572.216;1.572.216;2.358.324;1.572.216;1.572.216;1.572.216;1.572.216;1.572.216;2.358.324;
ENCARGADO SISTEMAS;10.930;11.476;11.476;12.107;12.107;19.196;12.797;13.629;13.629;14.542;14.542;21.813;14.542;15.269;15.269;16.033;16.033;25.541;17.027;18.459;18.459;18.459;19.936;29.904;19.936;20.733;20.733;21.563;21.563;22.563;22.563;23.691;23.691;25.021;25.021;37.532;25.021;26.772;26.772;26.772;26.772;42.035;28.774;30.025;30.025;31.276;32.026;49.541;35.029;37.481;37.481;39.730;39.730;62.039;41.359;43.840;43.840;46.339;49.027;73.541;52.458;52.458;57.704;57.704;60.590;90.885;63.619;63.619;66.800;66.800;70.808;106.212;75.764;79.553;79.553;79.553;83.530;125.295;91.883;91.883;98.591;98.591;105.788;158.682;113.458;119.131;119.131;119.131;125.087;201.704;147.915;147.915;162.707;178.978;196.875;311.556;228.474;228.474;255.891;255.891;291.716;437.574;335.473;379.084;416.992;471.201;513.610;855.161;712.634;855.161;957.780;1.058.347;1.143.015;1.517.843;1.188.736;1.307.610;1.307.610;1.412.218;1.412.218;2.160.695;1.541.295;1.541.295;1.578.286;1.635.105;1.635.105;2.501.711;1.726.180;1.726.180;1.726.180;1.847.013;1.847.013;2.770.520;1.847.013;1.847.013;1.847.013;1.847.013;1.847.013;2.770.520;1.847.013;1.847.013;1.847.013;1.847.013;1.847.013;2.770.520;
ENCARGADO;10.930;11.476;11.476;12.107;12.107;19.196;12.797;13.629;13.629;14.542;14.542;21.813;14.542;15.269;15.269;16.033;16.033;25.541;17.027;18.459;18.459;18.459;19.936;29.904;19.936;20.733;20.733;21.563;21.563;22.563;22.563;23.691;23.691;25.021;25.021;37.532;25.021;26.772;26.772;26.772;26.772;42.035;28.774;30.025;30.025;31.276;32.026;49.541;35.029;37.481;37.481;39.730;39.730;62.039;41.359;43.840;43.840;46.339;49.027;73.541;52.458;52.458;57.704;57.704;60.590;90.885;63.619;63.619;66.800;66.800;70.808;106.212;75.764;79.553;79.553;79.553;83.530;125.295;91.883;91.883;98.591;98.591;105.788;158.682;113.458;119.131;119.131;119.131;125.087;201.704;147.915;147.915;162.707;178.978;196.875;311.556;228.474;228.474;255.891;255.891;291.716;437.574;335.473;379.084;416.992;471.201;513.610;855.161;712.634;855.161;957.780;1.058.347;1.143.015;1.517.843;1.188.736;1.307.610;1.307.610;1.412.218;1.412.218;2.160.695;1.541.295;1.541.295;1.578.286;1.635.105;1.635.105;2.501.711;1.726.180;1.726.180;1.726.180;1.847.013;1.847.013;2.770.520;1.847.013;1.847.013;1.847.013;1.847.013;1.847.013;2.770.520;1.847.013;1.847.013;1.847.013;1.847.013;1.847.013;2.770.520;
SUB CAPATAZ;10.930;11.476;11.476;12.107;12.107;19.196;12.797;13.629;13.629;14.542;14.542;21.813;14.542;15.269;15.269;16.033;16.033;25.541;17.027;18.459;18.459;18.459;19.936;29.904;19.936;20.733;20.733;21.563;21.563;22.563;22.563;23.691;23.691;25.021;25.021;37.532;25.021;26.772;26.772;26.772;26.772;42.035;28.774;30.025;30.025;31.276;32.026;49.541;35.029;37.481;37.481;39.730;39.730;62.039;41.359;43.840;43.840;46.339;49.027;73.541;52.458;52.458;57.704;57.704;60.590;90.885;63.619;63.619;66.800;66.800;70.808;106.212;75.764;79.553;79.553;79.553;83.530;125.295;91.883;91.883;98.591;98.591;105.788;158.682;113.458;119.131;119.131;119.131;125.087;201.704;147.915;147.915;162.707;178.978;196.875;311.556;228.474;228.474;255.891;255.891;291.716;437.574;335.473;379.084;416.992;471.201;513.610;855.161;712.634;855.161;957.780;1.058.347;1.143.015;1.517.843;1.188.736;1.307.610;1.307.610;1.412.218;1.412.218;2.160.695;1.541.295;1.541.295;1.578.286;1.635.105;1.635.105;2.501.711;1.726.180;1.726.180;1.726.180;1.847.013;1.847.013;2.770.520;1.847.013;1.847.013;1.847.013;1.847.013;1.847.013;2.770.520;1.847.013;1.847.013;1.847.013;1.847.013;1.847.013;2.770.520;
ENCARGADO PORTERIA;11.277;11.841;11.841;12.492;12.492;19.806;13.204;14.063;14.063;15.005;15.005;22.508;15.005;15.755;15.755;16.543;16.543;26.352;17.568;19.046;19.046;19.046;20.570;30.855;20.570;21.393;21.393;22.249;22.249;23.281;23.281;24.445;24.445;25.816;25.816;38.724;25.816;27.623;27.623;27.623;27.623;43.371;29.689;30.979;30.979;32.270;33.045;51.116;36.143;38.673;38.673;40.993;40.993;64.011;42.674;45.234;45.234;47.813;50.586;75.879;54.127;54.127;59.539;59.539;62.516;93.774;65.642;65.642;68.924;68.924;73.060;109.590;78.174;82.083;82.083;82.083;86.187;129.281;94.805;94.805;101.726;101.726;109.152;163.728;117.066;122.919;122.919;122.919;129.065;208.118;152.619;152.619;167.881;184.669;203.136;321.464;235.740;235.740;264.029;264.029;300.993;451.490;346.142;391.140;430.254;486.187;529.944;882.357;735.297;882.357;988.240;1.092.004;1.179.365;1.517.843;1.226.539;1.349.193;1.349.193;1.457.129;1.457.129;2.229.408;1.590.311;1.590.311;1.628.478;1.687.103;1.687.103;2.581.268;1.781.075;1.781.075;1.781.075;1.905.750;1.905.750;2.858.625;1.905.750;1.905.750;1.905.750;1.905.750;1.905.750;2.858.625;1.905.750;1.905.750;1.905.750;1.905.750;1.905.750;2.858.625;
ENCARGADO LABORATORIO;11.277;11.841;11.841;12.492;12.492;19.806;13.204;14.063;14.063;15.005;15.005;22.508;15.005;15.755;15.755;16.543;16.543;26.352;17.568;19.046;19.046;19.046;20.570;30.855;20.570;21.393;21.393;22.249;22.249;23.281;23.281;24.445;24.445;25.816;25.816;38.724;25.816;27.623;27.623;27.623;27.623;43.371;29.689;30.979;30.979;32.270;33.045;51.116;36.143;38.673;38.673;40.993;40.993;64.011;42.674;45.234;45.234;47.813;50.586;75.879;54.127;54.127;59.539;59.539;62.516;93.774;65.642;65.642;68.924;68.924;73.060;109.590;78.174;82.083;82.083;82.083;86.187;129.281;94.805;94.805;101.726;101.726;109.152;163.728;117.066;122.919;122.919;122.919;129.065;208.118;152.619;152.619;167.881;184.669;203.136;321.464;235.740;235.740;264.029;264.029;300.993;451.490;346.142;391.140;430.254;486.187;529.944;882.357;735.297;882.357;988.240;1.092.004;1.179.365;1.517.843;1.226.539;1.349.193;1.349.193;1.457.129;1.457.129;2.229.408;1.590.311;1.590.311;1.628.478;1.687.103;1.687.103;2.581.268;1.781.075;1.781.075;1.781.075;1.905.750;1.905.750;2.858.625;1.905.750;1.905.750;1.905.750;1.905.750;1.905.750;2.858.625;1.905.750;1.905.750;1.905.750;1.905.750;1.905.750;2.858.625;
ENCARGADO ADMINISTRATIVO;11.277;11.841;11.841;12.492;12.492;19.806;13.204;14.063;14.063;15.005;15.005;22.508;15.005;15.755;15.755;16.543;16.543;26.352;17.568;19.046;19.046;19.046;20.570;30.855;20.570;21.393;21.393;22.249;22.249;23.281;23.281;24.445;24.445;25.816;25.816;38.724;25.816;27.623;27.623;27.623;27.623;43.371;29.689;30.979;30.979;32.270;33.045;51.116;36.143;38.673;38.673;40.993;40.993;64.011;42.674;45.234;45.234;47.813;50.586;75.879;54.127;54.127;59.539;59.539;62.516;93.774;65.642;65.642;68.924;68.924;73.060;109.590;78.174;82.083;82.083;82.083;86.187;129.281;94.805;94.805;101.726;101.726;109.152;163.728;117.066;122.919;122.919;122.919;129.065;208.118;152.619;152.619;167.881;184.669;203.136;321.464;235.740;235.740;264.029;264.029;300.993;451.490;346.142;391.140;430.254;486.187;529.944;882.357;735.297;882.357;988.240;1.092.004;1.179.365;1.517.843;1.226.539;1.349.193;1.349.193;1.457.129;1.457.129;2.229.408;1.590.311;1.590.311;1.628.478;1.687.103;1.687.103;2.581.268;1.781.075;1.781.075;1.781.075;1.905.750;1.905.750;2.858.625;1.905.750;1.905.750;1.905.750;1.905.750;1.905.750;2.858.625;1.905.750;1.905.750;1.905.750;1.905.750;1.905.750;2.858.625;
CAPATAZ;11.277;11.841;11.841;12.492;12.492;19.806;13.204;14.063;14.063;15.005;15.005;22.508;15.005;15.755;15.755;16.543;16.543;26.352;17.568;19.046;19.046;19.046;20.570;30.855;20.570;21.393;21.393;22.249;22.249;23.281;23.281;24.445;24.445;25.816;25.816;38.724;25.816;27.623;27.623;27.623;27.623;43.371;29.689;30.979;30.979;32.270;33.045;51.011;36.143;38.673;38.673;40.993;40.993;64.011;42.674;45.234;45.234;47.813;50.586;75.879;54.127;54.127;59.539;59.539;62.516;93.774;65.642;65.642;68.924;68.924;73.060;109.590;78.174;82.083;82.083;82.083;86.187;129.281;94.805;94.805;101.726;101.726;109.152;163.728;117.066;122.919;122.919;122.919;129.065;208.118;152.619;152.619;167.881;184.669;203.136;321.464;235.740;235.740;264.029;264.029;300.993;451.490;346.142;391.140;430.254;486.187;529.944;882.357;735.297;882.357;988.240;1.092.004;1.179.365;1.517.843;1.226.539;1.349.193;1.349.193;1.457.129;1.457.129;2.229.408;1.590.311;1.590.311;1.628.478;1.687.103;1.687.103;2.581.268;1.781.075;1.781.075;1.781.075;1.905.750;1.905.750;2.858.625;1.905.750;1.905.750;1.905.750;1.905.750;1.905.750;2.858.625;1.905.750;1.905.750;1.905.750;1.905.750;1.905.750;2.858.625;
SUPERVISOR;11.639;12.221;12.221;12.894;12.894;20.442;13.628;14.514;14.514;15.487;15.487;23.231;15.487;16.261;16.261;17.074;17.074;27.200;18.133;19.658;19.658;19.658;21.231;31.847;21.231;22.079;22.079;22.962;22.962;24.028;24.028;25.229;25.229;26.645;26.645;39.968;26.645;28.510;28.510;28.510;28.510;44.763;30.641;31.973;31.973;33.306;34.105;52.757;37.302;39.913;39.913;42.308;42.308;66.065;44.043;46.686;46.686;49.347;50.586;75.879;55.863;55.863;61.450;61.450;64.522;96.783;67.748;67.748;71.136;71.136;75.404;113.106;80.682;84.716;84.716;84.716;88.952;133.428;97.847;97.847;104.990;104.990;112.654;168.981;120.822;126.863;126.863;126.863;133.206;214.796;157.517;157.517;173.268;190.595;209.654;331.778;243.304;243.304;272.500;272.500;310.650;465.975;357.247;403.689;444.058;501.785;546.946;910.665;758.888;910.665;1.019.945;1.127.039;1.217.203;1.517.843;1.265.291;1.392.480;1.392.480;1.503.879;1.503.879;2.300.934;1.641.333;1.641.333;1.680.725;1.741.231;1.741.231;2.664.084;1.838.218;1.838.218;1.838.218;1.966.893;1.966.893;2.950.340;1.966.893;1.966.893;1.966.893;1.966.893;1.966.893;2.950.340;1.966.893;1.966.893;1.966.893;1.966.893;1.966.893;2.950.340;
CORREDORES Y VIAJANTES;;;;;;;;;;;;;;;;;;;;;;;;;;;;;;;;;;;;;;;;;;;;;;;;;;;;;;;;;;;;;;;;;;;;;;;;;;;;;;;;;;;;;;;;;;;;;;;;;;;;;;;;;;;;;;;;;;;;;;;;;;;;;;;;;;;;;;;;;;;;;;;;;
VIAJANTE ;8.453;8.875;8.875;9.363;9.363;14.846;9.897;10.541;10.541;11.247;11.247;16.871;11.247;11.809;11.809;12.400;12.400;19.752;13.168;14.276;14.276;14.276;15.418;23.127;15.418;16.035;16.035;16.676;16.676;17.450;17.450;18.322;18.322;19.350;19.350;29.025;19.350;20.705;20.705;20.705;20.705;32.508;22.253;23.220;23.220;24.188;24.768;38.313;27.090;28.986;28.986;30.725;30.725;47.978;31.985;33.905;33.905;35.837;37.916;56.874;40.570;40.570;44.627;44.627;46.858;70.287;49.201;49.201;51.661;51.661;54.761;82.142;58.594;61.524;61.524;61.524;64.600;96.900;71.060;71.060;76.248;76.248;81.814;122.721;87.745;92.133;92.133;92.133;96.739;155.993;114.394;114.394;125.833;138.417;152.259;240.950;176.696;176.696;197.900;197.900;225.606;338.409;259.447;293.175;322.493;364.417;397.214;661.362;551.135;661.362;740.725;818.502;883.982;1.379.012;919.341;1.011.276;1.011.276;1.092.178;1.092.178;1.671.032;1.192.003;1.192.003;1.220.611;1.264.553;1.264.553;1.934.766;1.334.988;1.334.988;1.334.988;1.428.437;1.428.437;2.142.656;1.428.437;1.428.437;1.428.437;1.428.437;1.428.437;2.142.656;1.428.437;1.428.437;1.428.437;1.428.437;1.428.437;2.142.656;
VIAJANTE 2° AÑO;8.668;9.101;9.101;9.602;9.602;15.224;10.149;10.809;10.809;11.533;11.533;17.300;11.533;12.109;12.109;12.715;12.715;20.255;13.503;14.639;14.639;14.639;15.810;23.715;15.810;16.442;16.442;17.100;17.100;17.894;17.894;18.788;18.788;19.842;19.842;29.763;19.842;21.231;21.231;21.231;21.231;33.335;22.819;23.810;23.810;24.803;25.398;39.288;27.779;29.724;29.724;31.507;31.507;49.199;32.799;34.767;34.767;36.749;38.880;58.320;41.602;41.602;45.762;45.762;48.050;72.075;50.452;50.452;52.975;52.975;56.153;84.230;60.084;63.088;63.088;63.088;66.243;99.365;72.867;72.867;78.186;78.186;83.894;125.841;89.976;94.475;94.475;94.475;99.199;159.959;117.303;117.303;129.033;141.936;156.130;247.076;181.188;181.188;202.931;202.931;231.341;347.012;266.042;300.627;330.690;373.680;407.311;678.173;565.144;678.173;759.554;839.307;906.452;1.414.065;942.710;1.036.981;1.036.981;1.119.940;1.119.940;1.713.507;1.222.302;1.222.302;1.251.637;1.296.696;1.296.696;1.983.945;1.368.922;1.368.922;1.368.922;1.464.747;1.464.747;2.197.121;1.464.747;1.464.747;1.464.747;1.464.747;1.464.747;2.197.121;1.464.747;1.464.747;1.464.747;1.464.747;1.464.747;2.197.121;
VIAJANTE 5° AÑO;8.989;9.438;9.438;9.957;9.957;15.788;10.525;11.209;11.209;11.960;11.960;17.940;11.960;12.558;12.558;13.786;13.786;21.005;14.003;15.181;15.181;15.181;16.395;24.593;16.395;17.051;17.051;17.733;17.733;18.556;18.556;19.483;19.483;20.576;20.576;30.864;20.576;22.017;22.017;22.017;22.017;34.569;23.663;24.692;24.692;25.721;26.338;40.742;28.807;30.823;30.823;32.672;32.672;51.018;34.012;36.053;36.053;38.108;40.319;60.479;43.141;43.141;47.455;47.455;49.828;74.742;52.319;52.319;54.935;54.935;58.231;87.347;62.307;65.423;65.423;65.423;68.694;103.041;75.563;75.563;81.079;81.079;86.998;130.497;93.305;97.971;97.971;97.971;102.869;165.876;121.643;121.643;133.807;147.188;161.907;256.218;187.893;187.893;210.440;210.440;239.902;359.853;275.887;311.752;342.927;387.508;422.384;703.269;586.058;703.269;787.661;870.366;939.995;1.466.393;977.595;1.075.355;1.075.355;1.161.383;1.161.383;1.776.917;1.267.537;1.267.537;1.297.958;1.344.684;1.344.684;2.057.363;1.419.580;1.419.580;1.419.580;1.518.951;1.518.951;2.278.427;1.518.951;1.518.951;1.518.951;1.518.951;1.518.951;2.278.427;1.518.951;1.518.951;1.518.951;1.518.951;1.518.951;2.278.427;
VIAJANTE 10° AÑO;9.339;9.806;9.806;10.345;10.345;16.403;10.935;11.646;11.646;12.426;12.426;18.639;12.426;13.048;13.048;13.700;13.700;21.824;14.549;15.773;15.773;15.773;17.035;25.553;17.035;17.716;17.716;18.425;18.425;19.280;19.280;20.244;20.244;21.380;21.380;32.070;21.380;22.876;22.876;22.876;22.876;35.918;24.587;25.656;25.656;26.725;27.366;42.332;29.932;32.027;32.027;33.949;33.949;53.012;35.341;37.461;37.461;39.596;41.892;62.838;44.825;44.825;49.307;49.307;51.773;77.660;54.361;54.361;57.080;57.080;60.504;90.756;64.740;67.977;67.977;67.977;71.375;107.063;78.513;78.513;84.244;84.244;90.394;135.591;96.948;101.795;101.795;101.795;106.885;172.352;126.391;126.391;139.031;152.934;168.227;266.219;195.227;195.227;218.655;218.655;249.267;373.901;286.657;323.922;356.314;402.635;438.873;730.724;608.936;730.724;818.411;904.343;976.691;1.523.639;1.015.759;1.117.334;1.117.334;1.206.721;1.206.721;1.846.283;1.317.015;1.317.015;1.348.623;1.397.174;1.397.174;2.137.676;1.474.996;1.474.996;1.474.996;1.578.246;1.578.246;2.367.369;1.578.246;1.578.246;1.578.246;1.578.246;1.578.246;2.367.369;1.578.246;1.578.246;1.578.246;1.578.246;1.578.246;2.367.369;
VIAJATE 15° AÑO;9.784;10.273;10.273;10.838;10.838;17.184;11.456;12.201;12.201;13.018;13.018;19.527;13.018;13.669;13.669;14.352;14.352;22.863;15.242;16.524;16.524;16.524;17.846;26.769;17.846;18.560;18.560;19.302;19.302;20.198;20.198;21.208;21.208;22.398;22.398;33.597;22.398;23.965;23.965;23.965;23.965;37.628;25.757;26.877;26.877;27.997;28.669;44.348;31.357;33.338;33.338;35.338;35.338;55.181;36.787;39.244;39.244;41.481;43.887;65.831;46.959;46.959;51.655;51.655;54.238;81.357;56.949;56.949;59.797;59.797;63.385;95.078;67.822;71.213;71.213;71.213;74.773;112.160;82.251;82.251;88.255;88.255;94.698;142.047;101.563;106.641;106.641;106.641;111.973;180.557;132.409;132.409;145.650;160.214;176.236;278.894;204.522;204.522;229.064;229.064;261.133;391.700;300.303;339.342;373.277;421.802;459.765;765.509;637.924;765.509;846.170;947.394;1.023.186;1.596.170;1.064.113;1.170.524;1.170.524;1.264.166;1.264.166;1.934.024;1.379.711;1.379.711;1.412.824;1.463.686;1.463.686;2.239.439;1.545.213;1.545.213;1.545.213;1.653.378;1.653.378;2.480.067;1.653.378;1.653.378;1.653.378;1.653.378;1.653.378;2.480.067;1.653.378;1.653.378;1.653.378;1.653.378;1.653.378;2.480.067;
VIAJANTE 20° AÑO;10.211;10.722;10.722;11.311;11.311;17.934;11.956;12.733;12.733;13.586;13.586;20.379;13.586;14.265;14.265;14.979;14.979;23.861;15.907;17.245;17.245;17.245;18.625;27.938;18.625;19.370;19.370;20.145;20.145;21.080;21.080;22.133;22.133;23.375;23.375;35.063;23.375;25.011;25.011;25.011;25.011;39.270;26.881;28.050;28.050;29.219;29.920;46.283;32.725;35.016;35.016;37.117;37.117;57.959;38.639;40.957;40.957;43.292;45.803;68.705;49.009;49.009;53.910;53.910;56.605;84.908;59.435;59.435;62.407;62.407;68.152;102.228;70.782;74.321;74.321;74.321;78.037;117.056;85.841;85.841;92.107;92.107;98.831;148.247;105.997;111.296;111.296;111.296;116.861;188.439;138.188;138.188;152.007;167.208;183.929;291.068;213.449;213.449;239.063;239.063;272.532;408.798;313.412;354.156;389.572;440.216;479.835;798.926;665.771;798.725;894.796;988.750;1.067.850;1.665.846;1.110.564;1.221.620;1.221.620;1.319.350;1.319.350;2.018.606;1.439.939;1.439.939;1.474.498;1.527.579;1.527.579;2.337.197;1.612.665;1.612.665;1.612.665;1.725.552;1.725.552;2.588.328;1.725.552;1.725.552;1.725.552;1.725.552;1.725.552;2.588.328;1.725.552;1.725.552;1.725.552;1.725.552;1.725.552;2.588.328;
ASESORES Y PROMOT. TECNICOS;;;;;;;;;;;;;;;;;;;;;;;;;;;;;;;;;;;;;;;;;;;;;;;;;;;;;;;;;;;;;;;;;;;;;;;;;;;;;;;;;;;;;;;;;;;;;;;;;;;;;;;;;;;;;;;;;;;;;;;;;;;;;;;;;;;;;;;;;;;;;;;;;
ASESOR TECNICO ;9.678;10.162;10.162;10.721;10.721;16.998;11.332;12.068;12.068;12.877;12.877;19.316;12.877;13.521;13.521;14.197;14.197;22.616;15.077;16.345;16.345;16.345;17.653;26.480;17.653;18.359;18.359;19.093;19.093;19.979;19.979;20.978;20.978;22.155;22.155;33.233;22.155;23.706;23.706;23.706;23.706;37.221;25.479;26.586;26.586;27.694;28.359;43.868;31.017;33.188;33.188;35.179;35.179;54.932;36.621;38.820;38.820;41.032;43.412;65.118;46.451;46.451;51.096;51.096;53.651;80.477;56.324;56.324;59.150;59.150;62.699;94.049;67.088;70.443;70.443;70.443;73.965;1.109.489;81.361;81.361;87.301;87.301;93.674;140.511;100.465;105.488;105.488;105.488;110.763;178.605;130.977;130.977;144.074;158.482;174.330;275.877;202.310;202.310;226.587;226.587;258.309;387.464;297.055;335.672;369.239;417.240;454.792;757.229;631.024;757.229;848.096;937.146;1.012.118;1.578.903;1.052.602;1.157.863;1.157.863;1.250.492;1.250.492;1.913.253;1.364.787;1.364.787;1.397.542;1.447.853;1.447.853;2.215.215;1.528.499;1.528.499;1.528.499;1.635.494;1.635.494;2.453.241;1.635.494;1.635.494;1.635.494;1.635.494;1.635.494;2.453.241;1.635.494;1.635.494;1.635.494;1.635.494;1.635.494;2.453.241;
ASESOR TECNICO 1° AÑO;8.668;9.101;9.101;9.602;9.602;15.224;10.149;10.809;10.809;11.533;11.533;17.300;11.533;12.109;12.109;12.715;12.715;20.255;13.503;14.639;14.639;14.639;15.810;23.715;15.810;16.442;16.442;17.100;17.100;17.894;17.894;18.788;18.788;19.842;19.842;29.763;19.842;25.379;25.379;25.379;25.379;39.848;27.277;28.463;28.463;29.649;30.360;46.964;33.207;35.531;35.531;37.663;37.663;58.811;39.207;41.560;41.560;43.929;46.476;69.714;49.730;49.730;54.703;54.703;57.438;86.157;60.310;60.310;63.325;63.325;67.125;100.688;71.823;75.415;75.415;75.415;79.185;118.778;87.104;87.104;93.463;93.463;100.285;150.428;107.556;112.934;112.934;112.934;118.580;191.211;140.221;140.221;154.244;169.668;186.635;295.350;216.590;216.590;242.580;242.580;276.541;414.812;318.022;359.365;395.302;446.691;486.893;810.677;675.564;810.677;907.958;1.003.293;1.083.557;1.690.349;1.126.899;1.239.589;1.239.589;1.338.756;1.338.756;2.048.297;1.412.959;1.412.959;1.446.870;1.498.957;1.498.957;2.371.574;1.636.386;1.636.386;1.636.386;1.750.933;1.750.933;2.626.400;1.750.933;1.750.933;1.750.933;1.750.933;1.750.933;2.626.400;1.750.933;1.750.933;1.750.933;1.750.933;1.750.933;2.626.400;
ASESOR TECNICO 2° AÑO;10.361;10.879;10.879;11.477;11.477;18.198;12.132;12.920;12.920;13.786;13.786;20.679;13.786;14.475;14.475;15.199;15.199;24.212;16.141;17.499;17.499;17.499;18.899;28.349;18.899;19.655;19.655;20.441;20.441;21.390;21.390;22.459;22.459;23.719;23.719;35.579;23.719;25.379;25.379;25.379;25.379;42.035;28.774;30.025;30.025;31.276;32.026;49.541;35.029;37.481;37.481;39.730;39.730;62.039;41.359;43.840;43.840;46.339;49.027;73.541;52.458;52.458;57.704;57.704;60.590;90.885;63.619;63.619;66.800;66.800;70.808;106.212;75.764;79.553;79.553;79.553;83.530;125.295;91.883;91.883;98.591;98.591;105.788;158.682;113.558;119.131;119.131;119.131;125.087;201.704;147.915;147.915;162.707;178.978;196.875;311.556;228.474;228.474;255.891;255.891;291.716;437.574;335.473;379.084;416.992;471.201;513.610;855.161;712.634;855.761;958.453;1.058.347;1.143.015;1.783.104;1.188.736;1.307.609;1.307.609;1.412.218;1.412.218;2.160.693;1.461.119;1.461.119;1.496.186;1.550.049;1.550.049;2.501.709;1.726.179;1.726.179;1.726.179;1.847.012;1.847.012;2.770.518;1.847.012;1.847.012;1.847.012;1.847.012;1.847.012;2.770.518;1.847.012;1.847.012;1.847.012;1.847.012;1.847.012;2.770.518;
;;;;;;;;;;;;;;;;;;;;;;;;;;;;;;;;;;;;;;;;;;;;;;;;;;;;;;;;;;;;;;;;;;;;;;;;;;;;;;;;;;;;;;;;;;;;;;;;;;;;;;;;;;;;;;;;;;;;;;;;;;;;;;;;;;;;;;;;;;;;;;;;;
